,Area,Branch,Address
0,강남구,역삼이마트,서울특별시 강남구 역삼로 310 (역삼동)
1,강남구,삼성동,서울특별시 강남구 영동대로96길 12 (삼성동)
2,강남구,강남논현,서울특별시 강남구 강남대로 512 (논현동)
3,강남구,테헤란로아남타워,서울특별시 강남구 테헤란로 311 (역삼동)
4,강남구,삼성역,서울특별시 강남구 테헤란로 620 (대치동)
5,강남구,강남역신분당역사,서울특별시 강남구 강남대로 396 (역삼동)
6,강남구,대치삼성프라자,서울특별시 강남구 영동대로 237 (대치동)
7,강남구,강남세곡,서울특별시 강남구 헌릉로569길 18 (세곡동)
8,강남구,도산사거리,서울특별시 강남구 언주로 727 (논현동)
9,강남구,센터필드R,서울특별시 강남구 테헤란로 231 (역삼동)
10,강남구,코엑스아셈타워,서울특별시 강남구 영동대로 517 (삼성동)
11,강남구,수서역사거리,서울특별시 강남구 광평로 280 (수서동)
12,강남구,대치한티,서울특별시 강남구 선릉로 324 (대치동)
13,강남구,도산가로수길,"서울특별시 강남구 도산대로 134, 2층 (논현동)"
14,강남구,논현힐탑,서울특별시 강남구 논현로 648 (논현동)
15,강남구,선릉로,"서울특별시 강남구 선릉로93길 22, 대흥빌딩 1층 (역삼동)"
16,강남구,포스코,"서울특별시 강남구 삼성로86길 7, 1층 (대치동)"
17,강남구,르네상스사거리,서울특별시 강남구 테헤란로 306 (역삼동)
18,강남구,압구정로데오역,"서울특별시 강남구 선릉로 836, 삼원빌딩 1,2층 (청담동)"
19,강남구,역삼역,"서울특별시 강남구 테헤란로 145, 우신빌딩 1층 (역삼동)"
20,강남구,강남비젼타워,"서울특별시 강남구 테헤란로2길 27, 1층 101호 (역삼동)"
21,강남구,아크로힐스논현,"서울특별시 강남구 봉은사로 304, 금강빌딩 1-2층 (역삼동)"
22,강남구,신압구정,서울특별시 강남구 언주로174길 29 (신사동)
23,강남구,청담공원,서울특별시 강남구 학동로 506 (삼성동)
24,강남구,차병원사거리,"서울특별시 강남구 봉은사로 213, 센트럴타워 (논현동)"
25,강남구,역삼럭키,서울특별시 강남구 도곡로 183 (역삼동)
26,강남구,코엑스사거리,서울특별시 강남구 영동대로 616 (삼성동)
27,강남구,선릉역,"서울특별시 강남구 테헤란로 334, LG화재 빌딩 (역삼동)"
28,강남구,압구정미소,서울특별시 강남구 논현로 841 (신사동)
29,강남구,GS타워,서울특별시 강남구 논현로 508 (역삼동)
30,강남구,삼성현대힐,서울특별시 강남구 삼성로 605 (삼성동)
31,강남구,선정릉역,서울특별시 강남구 봉은사로 407 (삼성동) 에프오빌딩
32,강남구,학여울역,서울특별시 강남구 영동대로 215 (대치동)
33,강남구,아크플레이스,서울특별시 강남구 테헤란로 142 (역삼동)
34,강남구,포이,서울특별시 강남구 논현로 88 (개포동)
35,강남구,대치역,서울특별시 강남구 남부순환로 2936 (대치동) 107호
36,강남구,강남구청역,"서울특별시 강남구 선릉로 669, 웰빙센터 1층 (논현동)"
37,강남구,큰길타워,"서울특별시 강남구 테헤란로 223, 큰길타워빌딩 (역삼동)"
38,강남구,구역삼사거리,서울특별시 강남구 논현로 401 (역삼동)
39,강남구,압구정로,서울특별시 강남구 압구정로42길 32 (신사동)
40,강남구,압구정역,"서울특별시 강남구 압구정로 170, 관영빌딩 1층 지하1층 (신사동)"
41,강남구,선릉세화빌딩,서울특별시 강남구 테헤란로64길 18 (대치동) 1층
42,강남구,삼성,"서울특별시 강남구 테헤란로 443, 애플트리타워 1층 (삼성동)"
43,강남구,SSG마켓도곡R,"서울특별시 강남구 언주로30길 57, 타워팰리스Ⅱ F 지하1층 (도곡동)"
44,강남구,대치,서울특별시 강남구 도곡로 511 (대치동)
45,강남구,학동역,서울특별시 강남구 논현로 704 (논현동)
46,강남구,삼성교,"서울특별시 강남구 영동대로86길 12, 동남유화빌딩 1층"
47,강남구,삼성도심공항,서울특별시 강남구 테헤란로87길 33 (삼성동)
48,강남구,청담,"서울특별시 강남구 도산대로 532, 인희빌딩 1층 (청담동)"
49,강남구,강남대로,"서울특별시 강남구 강남대로 456, 한석타워 2층 1-2호 (역삼동)"
50,강남구,역삼포스코,"서울특별시 강남구 테헤란로 134, P&S TOWER (역삼동)"
51,강남구,역삼대로,"서울특별시 강남구 테헤란로 211, 한국고등교육재단빌딩 1층 (역삼동)"
52,강남구,가로수길,"서울특별시 강남구 논현로175길 94, 1~2층 (신사동)"
53,강남구,코엑스몰,서울특별시 강남구 영동대로 513 (삼성동) O103호
54,강남구,역삼초교사거리,서울특별시 강남구 역삼로 123 (역삼동)
55,강남구,한티역,"서울특별시 강남구 도곡로 408, 디마크빌딩 101호 (대치동)"
56,강남구,청담사거리,서울특별시 강남구 도산대로 458 (청담동) 리츠타워
57,강남구,서울세관사거리,서울특별시 강남구 언주로 650 (논현동) 한국건설기술인협회
58,강남구,도곡역,서울특별시 강남구 남부순환로 2909 (대치동)
59,강남구,신사역,서울특별시 강남구 도산대로 108 (논현동) 렉스타워
60,강남구,을지병원사거리,"서울특별시 강남구 논현로 752 (논현동,구산빌딩)"
61,강남구,포스코사거리,서울특별시 강남구 테헤란로 505 (삼성동) 화진빌딩
62,강남구,대치사거리,서울특별시 강남구 삼성로 402 (대치동)
63,강남구,학동사거리,서울특별시 강남구 도산대로 328 (논현동)
64,강남구,강남우성,서울특별시 강남구 강남대로 328 (역삼동)
65,강남구,청담스타R,서울특별시 강남구 도산대로57길 24 (청담동)
66,강남구,신사가로수,서울특별시 강남구 가로수길 59
67,강남구,압구정,서울특별시 강남구 압구정로30길 17 (신사동)
68,강남구,청담영동대로,서울특별시 강남구 영동대로 720 (청담동)
69,강남구,대치은마사거리,서울특별시 강남구 도곡로 457 (대치동)
70,강남구,강남R,서울특별시 강남구 강남대로 390 (역삼동)
71,강남구,도곡공원,서울특별시 강남구 도곡로 205 (역삼동)
72,강남구,강남구청정문,서울특별시 강남구 학동로 419 (청담동)
73,강남구,스타필드코엑스몰R,서울특별시 강남구 영동대로 513 (삼성동) 코엑스 A106호
74,강남구,강남오거리,서울특별시 강남구 봉은사로2길 39 (역삼동)
75,강남구,봉은사로선정릉,서울특별시 강남구 봉은사로 446 (삼성동)
76,강남구,선릉동신빌딩R,서울특별시 강남구 테헤란로 409 (삼성동)
77,강남구,양재강남빌딩R,서울특별시 강남구 남부순환로 2621 (도곡동)
78,강남구,수서역R,서울특별시 강남구 광평로 281 (수서동)
79,강남구,압구정R,서울특별시 강남구 언주로 861 (신사동)
80,강남구,삼성역섬유센터R,서울특별시 강남구 테헤란로 518 (대치동)
81,강남구,코엑스별마당,서울특별시 강남구 영동대로 513 (삼성동)
82,강남구,압구정윤성빌딩,서울특별시 강남구 논현로 834 (신사동)
83,강남구,봉은사역,서울특별시 강남구 봉은사로 619 (삼성동)
84,강남구,대치재경빌딩R,서울특별시 강남구 남부순환로 2947 (대치동)
85,강남구,국기원사거리,서울특별시 강남구 테헤란로 125 (역삼동)
86,강남구,신사역성일빌딩,서울특별시 강남구 강남대로 584 (논현동)
87,강남구,논현역사거리,서울특별시 강남구 강남대로 538 (논현동)
88,강남구,역삼아레나빌딩,서울특별시 강남구 언주로 425 (역삼동)
89,강동구,천호대로길동,서울특별시 강동구 천호대로 1131 거산 유팰리스
90,강동구,올림픽공원북2문,서울특별시 강동구 강동대로 199 (성내동)
91,강동구,강일역,"서울특별시 강동구 고덕로 429 (강일동), 1층"
92,강동구,천호사거리,서울특별시 강동구 올림픽로 651 (천호동)
93,강동구,상일동역,"서울특별시 강동구 고덕로 399 (고덕동, 고덕센트럴푸르지오)"
94,강동구,명일이마트,서울특별시 강동구 동남로75길 5 (명일동) 명일이마트별관주차장
95,강동구,천호역,"서울특별시 강동구 천호대로 1012, 태승빌딩 (성내동)"
96,강동구,상일동,"서울특별시 강동구 상일로10길 36, 1~2층 (상일동)"
97,강동구,길동역,서울특별시 강동구 양재대로 1487 (길동)
98,강동구,천호이마트,서울특별시 강동구 천호대로 1015-14 (천호동) 이마트별관
99,강동구,천호로데오,서울특별시 강동구 천호대로 1037 (천호동)
100,강동구,둔촌동,서울특별시 강동구 양재대로 1303 (성내동) 평원빌딩
101,강동구,강동역,"서울특별시 강동구 천호대로 1089 (천호동, 강동 헤르셔)"
102,강동구,굽은다리역,"서울특별시 강동구 양재대로 1568 (명일동, 원일타워)"
103,강동구,강동암사DT,서울특별시 강동구 고덕로 43 (암사동)
104,강동구,강동구청DT,서울특별시 강동구 성내로 32 (성내동)
105,강동구,명일역,서울특별시 강동구 양재대로 1647 (명일동)
106,강북구,파라스파라서울,서울특별시 강북구 삼양로 689 (우이동) 파라스파라서울 지하1층
107,강북구,미아역,서울특별시 강북구 도봉로 196 (미아동)
108,강북구,수유역,서울특별시 강북구 도봉로 342 (번동)
109,강북구,미아사거리역,서울특별시 강북구 도봉로 32 (미아동)
110,강북구,강북구청사거리,서울특별시 강북구 도봉로 365 (수유동)
111,강북구,미아뉴타운,서울특별시 강북구 삼양로 161 (미아동)
112,강서구,강서구청사거리,서울특별시 강서구 화곡로 350 (화곡동)
113,강서구,마곡나루공원,서울특별시 강서구 마곡중앙5로 47 (마곡동)
114,강서구,강서NC,서울특별시 강서구 강서로56길 17 (등촌동)
115,강서구,김포공항DT,서울특별시 강서구 개화동로 517 (방화동)
116,강서구,마곡웰튼,"서울특별시 강서구 마곡중앙5로 22 (마곡동), 104/105/106호"
117,강서구,내발산,"서울특별시 강서구 강서로 323 (내발산동), 101/102호"
118,강서구,가양역사거리,"서울특별시 강서구 화곡로 416 (등촌동) 가양더스카이벨리5차 지식산업센터 101, 102, 114,~117호"
119,강서구,등촌대로,"서울특별시 강서구 공항대로 543 (염창동, 센터스퀘어)"
120,강서구,강서우장산,"서울특별시 강서구 강서로 231 (화곡동, 우장산역 해링턴 타워), 116/117/118/119/120호"
121,강서구,화곡역8번출구,"서울특별시 강서구 강서로 179 (화곡동), 1층 일부"
122,강서구,까치산역,서울특별시 강서구 강서로13길 3 (화곡동)
123,강서구,발산역,서울특별시 강서구 강서로 388 (등촌동) 그랜드마트
124,강서구,염창역,서울특별시 강서구 공항대로 627 (염창동)
125,강서구,등촌,서울특별시 강서구 공항대로 329 (등촌동)
126,강서구,화곡동,서울특별시 강서구 화곡로 142(화곡동)
127,강서구,양천향교역,서울특별시 강서구 강서로 463 (마곡동)
128,강서구,화곡DT,서울특별시 강서구 등촌로 57 (화곡동)
129,강서구,가양역,서울특별시 강서구 양천로 476 (등촌동)
130,강서구,마곡GMG,"서울특별시 강서구 마곡중앙6로 16 (마곡동) 117,118,119,120호"
131,강서구,마곡나루역,서울특별시 강서구 마곡중앙로 161-17 (마곡동)
132,강서구,방화DT,서울특별시 강서구 방화대로 375 (방화동)
133,강서구,마곡사이언스타워R,서울특별시 강서구 마곡동로 62 (마곡동)
134,강서구,우장산역,서울특별시 강서구 강서로 267 (내발산동)
135,강서구,마곡역,서울특별시 강서구 공항대로 168 (마곡동)
136,강서구,발산역사거리,서울특별시 강서구 공항대로 248 (마곡동)
137,관악구,봉천역,서울특별시 관악구 남부순환로 1730 (봉천동)
138,관악구,서울대입구역,서울특별시 관악구 남부순환로 1812 (봉천동)
139,관악구,신림타임스트림,서울특별시 관악구 신림로 330 타임스트림 1층
140,관악구,신림,서울특별시 관악구 신림로 355-1 (신림동)
141,관악구,신림사거리,서울특별시 관악구 남부순환로 1619 (신림동)
142,관악구,보라매대교,서울특별시 관악구 보라매로3길 23 (봉천동) 1층
143,관악구,사당,서울특별시 관악구 남부순환로 2082-25
144,관악구,낙성대DT,서울특별시 관악구 남부순환로 1948 (봉천동)
145,관악구,서울대역,서울특별시 관악구 남부순환로 1817 (봉천동)
146,관악구,신림DT,서울특별시 관악구 남부순환로 1419 (신림동)
147,관악구,관악서울대입구R,서울특별시 관악구 관악로 158 (봉천동)
148,관악구,낙성대역,서울특별시 관악구 남부순환로 1908 (봉천동)
149,광진구,군자사거리,서울특별시 광진구 천호대로 549 (중곡동) 1층
150,광진구,뚝섬유원지역,"서울특별시 광진구 능동로 18 (자양동, 이튼타워리버3차)"
151,광진구,자양이마트,서울특별시 광진구 아차산로 272 (자양동) 지하1층
152,광진구,중곡역,"서울특별시 광진구 능동로 400 (중곡동) 1층 108,109,110,111,112,118 6개호실"
153,광진구,건대후문,서울특별시 광진구 능동로 172 (화양동)
154,광진구,건국클래식,서울특별시 광진구 능동로 90 (자양동) 더 클래식500
155,광진구,광장,서울특별시 광진구 아차산로 537-17 (광장동)
156,광진구,구의역,서울특별시 광진구 아차산로 373 (구의동)
157,광진구,건대입구,서울특별시 광진구 능동로 107 (화양동)
158,광진구,자양,서울특별시 광진구 능동로 50 (자양동)
159,광진구,건대스타시티,서울특별시 광진구 아차산로 262 (자양동)
160,광진구,광나루,"서울특별시 광진구 아차산로 607, 1,2층 (광장동)"
161,광진구,군자역,서울특별시 광진구 천호대로 548 (군자동) 중앙빌딩
162,광진구,자양사거리,서울특별시 광진구 아차산로 355
163,광진구,구의DT,서울특별시 광진구 광나루로 519 (구의동)
164,광진구,올림픽대교북단,서울특별시 광진구 광나루로 608 (구의동)
165,광진구,아차산역,서울특별시 광진구 천호대로 676 (구의동)
166,광진구,어린이대공원역,서울특별시 광진구 능동로 243 (군자동)
167,광진구,건국대,서울특별시 광진구 능동로 117 (화양동)
168,구로구,구로구청,"서울특별시 구로구 가마산로 232 (구로동, 스페스큐브), B101호"
169,구로구,구로오류DT,서울특별시 구로구 서해안로 2233 (오류동)
170,구로구,구로NC,서울특별시 구로구 구로중앙로 152 (구로동) 구로NC
171,구로구,구로고척,서울특별시 구로구 경인로 387 (고척동)
172,구로구,현대디큐브B2,서울특별시 구로구 경인로 662 (신도림동)
173,구로구,구로호텔,"서울특별시 구로구 디지털로32길 72, 구로호텔 1층 (구로동)"
174,구로구,현대디큐브2F,서울특별시 구로구 경인로 662 (신도림동)
175,구로구,구로하이엔드,"서울특별시 구로구 디지털로26길 5, 에이스하이엔드타워1차 103호 (구로동)"
176,구로구,구로에이스,"서울특별시 구로구 디지털로 285, 에이스트윈타워1차 103호 (구로동)"
177,구로구,구로디지털로,"서울특별시 구로구 디지털로33길 11, 에이스테크노8차 1층 (구로동)"
178,구로구,오류동역,서울특별시 구로구 경인로 216 (오류동)
179,구로구,구로디지털타워,서울특별시 구로구 디지털로32길 30 (구로동)
180,구로구,신도림,서울특별시 구로구 경인로 610 (신도림동)
181,금천구,가산현대아울렛,"서울특별시 금천구 디지털로10길 9 (가산동), 1층 일부"
182,금천구,독산역,"서울특별시 금천구 가산디지털1로 16 (가산동), 107-2, 108, 109호"
183,금천구,가산그레이트,"서울특별시 금천구 디지털로9길 32, 갑을그레이트밸리 1층 (가산동)"
184,금천구,가산브이타워,서울특별시 금천구 가산디지털1로 128 (가산동)
185,금천구,마리오아울렛,서울특별시 금천구 벚꽃로 266 마리오아울렛3관
186,금천구,W-Mall,서울특별시 금천구 디지털로 188 (가산동)
187,금천구,가산디지털,서울특별시 금천구 가산디지털1로 168 (가산동)
188,금천구,금천독산,서울특별시 금천구 두산로 70 (독산동)
189,금천구,가산디지털단지역,서울특별시 금천구 벚꽃로 298 (가산동)
190,금천구,금천시흥,서울특별시 금천구 시흥대로 164 (시흥동)
191,금천구,독산사거리,서울특별시 금천구 시흥대로 426 (독산동)
192,금천구,가산에스케이,서울특별시 금천구 가산디지털1로 171 (가산동)
193,금천구,금천구청역,"서울특별시 금천구 시흥대로73길 67 (시흥동)112,113,114,115호"
194,노원구,노원상계,서울특별시 노원구 동일로215길 2 (상계동)
195,노원구,태릉입구역DT,서울특별시 노원구 화랑로 469 (공릉동)
196,노원구,월계이마트,서울특별시 노원구 마들로3길 15 (월계동)
197,노원구,노원역,서울특별시 노원구 동일로 1413 (상계동) 1층
198,노원구,중계역,"서울특별시 노원구 동일로 1339, 대한빌딩 (상계동)"
199,노원구,광운대,서울특별시 노원구 석계로 104 (월계동)
200,노원구,노원KT,"서울특별시 노원구 노해로 502, (주)KT 노원사옥 (상계동)"
201,노원구,은행사거리,"서울특별시 노원구 중계로 217, 중흥빌딩 103,203호 (중계동)"
202,노원구,공릉역,서울특별시 노원구 동일로 1081 (공릉동)
203,노원구,노원마들역,"서울특별시 노원구 노원로 569 (상계동, 임광아파트)"
204,노원구,공릉DT,서울특별시 노원구 동일로 1015 (공릉동)
205,노원구,상계초교사거리,서울특별시 노원구 노원로 449 (상계동)
206,노원구,월계트레이더스,서울특별시 노원구 마들로3길 15 (월계동)
207,노원구,월계역,"서울특별시 노원구 초안산로2라길26 월계동(104,105,106호)"
208,도봉구,방학역,"서울특별시 도봉구 도봉로 684 (방학동)101,102,113,114,115호"
209,도봉구,쌍문도봉로,서울특별시 도봉구 도봉로 444 (창동)
210,도봉구,쌍문역,서울특별시 도봉구 도봉로 480 (창동)
211,도봉구,창동이마트,서울특별시 도봉구 노해로65길 4 (창동)
212,동대문구,청량리역사,서울특별시 동대문구 왕산로 214 (전농동)
213,동대문구,경희대,서울특별시 동대문구 경희대로 16-1 (회기동)
214,동대문구,장한평역,서울특별시 동대문구 장한로 10 (장안동)
215,동대문구,외대,서울특별시 동대문구 휘경로 12-1 (이문동)
216,동대문구,회기역사거리,서울특별시 동대문구 이문로 37 (회기동)
217,동대문구,신설동역,서울특별시 동대문구 왕산로 19 (신설동)
218,동대문구,외대정문,서울특별시 동대문구 이문로 93 (이문동)
219,동대문구,경희대삼거리,서울특별시 동대문구 회기로 141 (회기동)
220,동대문구,답십리역,서울특별시 동대문구 천호대로 263 (답십리동)
221,동작구,사당역,"서울특별시 동작구 동작대로 21, 양지빌딩 1-3층 (사당동)"
222,동작구,숭실대,서울특별시 동작구 사당로 4 (상도동)
223,동작구,숭실대입구역,서울특별시 동작구 상도로 354 (상도동)
224,동작구,중앙대,서울특별시 동작구 흑석로 75-1 (흑석동)
225,동작구,신대방삼거리역,서울특별시 동작구 상도로 102 (상도동)
226,동작구,노량진역,서울특별시 동작구 노량진로 134 (노량진동)
227,동작구,이수자이,서울특별시 동작구 사당로 300 (사당동 이수자이)
228,동작구,보라매공원R,"서울특별시 동작구 보라매로5길 35 (신대방동, 파크스퀘어,보라매현대APT)"
229,동작구,상도역,서울특별시 동작구 상도로37길 1 (상도1동)
230,동작구,남성역,서울특별시 동작구 사당로 219 (사당동)
231,동작구,노량진동,"서울특별시 동작구 노량진로 190 (노량진동, 고려교육타워-어바니엘한강) 101호~105호"
232,마포구,망원한강공원,서울특별시 마포구 마포나루길 435 (망원동)
233,마포구,합정푸르지오,"서울특별시 마포구 월드컵로3길 14 (합정동, 마포 한강 2차 푸르지오)"
234,마포구,홍대역8번출구,서울특별시 마포구 양화로 166 (동교동)
235,마포구,디지털미디어시티역,서울특별시 마포구 성암로 179 (상암동)
236,마포구,아현역대로,서울특별시 마포구 신촌로 262 (아현동)
237,마포구,합정메세나몰,"서울특별시 마포구 양화로 45 (서교동, 메세나폴리스)"
238,마포구,마포이마트,서울특별시 마포구 백범로 212 (신공덕동) 마포이마트
239,마포구,망원역,서울특별시 마포구 월드컵로 74 (서교동)
240,마포구,홍대삼거리,서울특별시 마포구 와우산로 64 (상수동)
241,마포구,마포아크로,서울특별시 마포구 마포대로 68 (도화동) 마포아크로타워
242,마포구,마포일진빌딩,"서울특별시 마포구 마포대로 45, 일진빌딩 1층 (도화동)"
243,마포구,상암DMC,"서울특별시 마포구 월드컵북로 375, DMC이안오피스텔1단지 102호,202호 (상암동)"
244,마포구,애오개역,"서울특별시 마포구 마포대로 201, 마포트라팰리스II (아현동)"
245,마포구,동교,"서울특별시 마포구 월드컵북로 22, 영준빌딩 1층 (동교동)"
246,마포구,홍대역,"서울특별시 마포구 양화로 165, 상진빌딩 1층 (동교동)"
247,마포구,상암MBC,서울특별시 마포구 성암로 267 (상암동)
248,마포구,서강대,서울특별시 마포구 백범로 23 (신수동)
249,마포구,공덕오거리,서울특별시 마포구 마포대로 86 (도화동) 창강빌딩
250,마포구,상수역,서울특별시 마포구 독막로 88 (상수동)
251,마포구,상암디지털큐브,서울특별시 마포구 상암산로 34
252,마포구,신촌오거리,서울특별시 마포구 신촌로16길 10 (노고산동)
253,마포구,상암사보이시티,서울특별시 마포구 월드컵북로54길 17 (상암동)
254,마포구,서교동사거리,서울특별시 마포구 양화로 105 (서교동)
255,마포구,서강대흥역,서울특별시 마포구 백범로 89-5 (대흥동)
256,마포구,합정,"서울특별시 마포구 월드컵로1길 14 (합정동) 마포한강푸르지오 110, 111, 112-2"
257,마포구,서강광흥창역,서울특별시 마포구 서강로 69 (창전동)
258,마포구,마포염리,서울특별시 마포구 독막로 311 (염리동)
259,마포구,홍대공항철도역,서울특별시 마포구 양화로 178 (동교동)
260,마포구,합정폴리스R,"서울특별시 마포구 양화로 45 (서교동, 메세나폴리스)"
261,마포구,공덕,서울특별시 마포구 마포대로 130 (공덕동)
262,마포구,마포경찰서후문,서울특별시 마포구 마포대로 173-14 (아현동)
263,마포구,홍대입구역사거리R,서울특별시 마포구 양화로 125 (서교동)
264,마포구,마포용강동,서울특별시 마포구 토정로 295 (용강동)
265,마포구,상암YTN,서울특별시 마포구 상암산로 76 (상암동)
266,마포구,서강대프라자,서울특별시 마포구 백범로 35 (신수동)
267,서대문구,현대신촌,서울특별시 서대문구 신촌로 83 (창천동)
268,서대문구,북가좌DT,서울특별시 서대문구 응암로 85 (북가좌동)
269,서대문구,충정타워,"서울특별시 서대문구 서소문로 21, 충정타워빌딩 1층 (충정로3가)"
270,서대문구,신촌명물거리,"서울특별시 서대문구 명물길 24, 1-5층 (창천동)"
271,서대문구,연대동문,서울특별시 서대문구 성산로 565 (대신동)
272,서대문구,충정로역,서울특별시 서대문구 충정로 23
273,서대문구,신촌아트레온,서울특별시 서대문구 신촌로 129 (창천동)
274,서대문구,연대,서울특별시 서대문구 연세로 35 (창천동)
275,서대문구,이대ECC,서울특별시 서대문구 이화여대길 52 (대현동) 이화여자대학교 B415호
276,서대문구,연세종합관,"서울특별시 서대문구 연세로 50, 연세세브란스 종합관 (신촌동)"
277,서대문구,이대R,서울특별시 서대문구 이화여대길 34 (대현동)
278,서대문구,신촌,서울특별시 서대문구 연세로 10-1 (창천동)
279,서대문구,경기대,서울특별시 서대문구 충정로 53 (충정로2가)
280,서대문구,연희DT,서울특별시 서대문구 연희로 144 (연희동)
281,서대문구,연세백양로,서울특별시 서대문구 연세로 50 (신촌동) 연세대학교
282,서대문구,홍제역,서울특별시 서대문구 통일로 451 (홍제동)
283,서대문구,아현역,"서울특별시 서대문구 신촌로35길 10 (북아현동, e편한세상신촌 4단지)"
284,서대문구,연희동,서울특별시 서대문구 연희로 97 (연희동)
285,서대문구,신촌역,서울특별시 서대문구 신촌로 73 (창천동)
286,서대문구,남가좌사거리,"서울특별시 서대문구 거북골로 84 (남가좌동, DMC에코자이104동)"
287,서대문구,가재울뉴타운,"서울특별시 서대문구 가재울미래로 2 (남가좌동, DMC파크뷰자이)"
288,서초구,서울웨이브아트센터,서울특별시 서초구 잠원로 145-35 (잠원동)
289,서초구,서이초교사거리,서울특별시 서초구 사임당로 143 (서초동)
290,서초구,반포자이,서울특별시 서초구 잠원로 24 (반포동)
291,서초구,강남에비뉴,"서울특별시 서초구 서초대로77길 62, 강남역아이파크 B102~B105 (서초동)"
292,서초구,서울교대,"서울특별시 서초구 서초중앙로 64, 1층 (서초동)"
293,서초구,서초동,"서울특별시 서초구 남부순환로339길 64, 현우빌딩 1층 (서초동)"
294,서초구,강남GT타워,"서울특별시 서초구 서초대로 411, GT타워 (서초동)"
295,서초구,교대법원,서울특별시 서초구 서초중앙로 164 (서초동)
296,서초구,서초역,서울특별시 서초구 반포대로 118 (서초동)
297,서초구,몬테소리,서울특별시 서초구 강남대로 399 (서초동)
298,서초구,서래마을입구,서울특별시 서초구 서래로 48 (반포동)
299,서초구,남부터미널2,서울특별시 서초구 효령로 274 (서초동)
300,서초구,영동2교,"서울특별시 서초구 논현로 139, 대흥빌딩 (양재동)"
301,서초구,신논현역,서울특별시 서초구 강남대로 483 (반포동) 청호빌딩
302,서초구,하이브랜드,"서울특별시 서초구 매헌로 16, 리빙관 101호 (양재동)"
303,서초구,교대,서울특별시 서초구 서초중앙로 118 (서초동)
304,서초구,강남2,"서울특별시 서초구 서초대로77길 27, 유빌딩 1,2층 (서초동)"
305,서초구,뉴코아강남,서울특별시 서초구 잠원로 69 (잠원동) 킴스클럽
306,서초구,남부터미널,"서울특별시 서초구 서초중앙로 26, 래미안서초유니빌 1층 101호 (서초동)"
307,서초구,반포역,서울특별시 서초구 신반포로 257 (잠원동) 신반포11차상가
308,서초구,방배역,서울특별시 서초구 방배로 84 (방배동)
309,서초구,강남삼성타운,서울특별시 서초구 서초대로78길 24 (서초동)
310,서초구,센트럴시티,서울특별시 서초구 신반포로 176 (반포동)
311,서초구,서초중앙로,서울특별시 서초구 서초중앙로 225
312,서초구,서울아트센터,서울특별시 서초구 남부순환로 2395 (서초동) 호경빌딩
313,서초구,서초파라곤,서울특별시 서초구 서초대로74길 29 (서초동) 서초파라곤
314,서초구,내방역,서울특별시 서초구 방배로 184 (방배동) 대풍빌딩
315,서초구,이수역,서울특별시 서초구 동작대로 112 (방배동)
316,서초구,논현역,서울특별시 서초구 강남대로 557 (잠원동) 1~2층
317,서초구,양재역,서울특별시 서초구 강남대로 202 (양재동) 모산빌딩
318,서초구,교대역,서울특별시 서초구 서초중앙로 138 (서초동) 우림빌딩
319,서초구,파미에파크R,서울특별시 서초구 사평대로 205 (반포동) CENTRALCITY
320,서초구,사당로데오,서울특별시 서초구 방배천로 5-4(방배동)
321,서초구,청계산입구역,서울특별시 서초구 청계산로 203 (신원동)
322,서초구,서초법원,서울특별시 서초구 서초대로 274 (서초동)
323,서초구,방배카페거리,서울특별시 서초구 방배중앙로 162 (방배동)
324,서초구,방배,서울특별시 서초구 방배로 211
325,서초구,강남대로논현R,서울특별시 서초구 강남대로85길 5 (반포동)
326,서초구,서울고속터미널,서울특별시 서초구 신반포로 194 (반포동)
327,서초구,강남대로신사,서울특별시 서초구 강남대로 595 (잠원동)
328,서초구,이수역사거리,"서울특별시 서초구 서초대로 3-4 (방배동, 방배디오슈페리움1)"
329,서초구,서초우성사거리,서울특별시 서초구 강남대로 343 (서초동)
330,서초구,서초구청,서울특별시 서초구 남부순환로 2557 (서초동)
331,서초구,서초역이화빌딩,서울특별시 서초구 반포대로21길 3 (서초동)
332,서초구,센트럴F1,서울특별시 서초구 신반포로 176 (반포동)
333,서초구,방배다이치빌딩,서울특별시 서초구 방배로 114 (방배동)
334,서초구,강남교보타워R,서울특별시 서초구 강남대로 465 (서초동)
335,서초구,방배로,서울특별시 서초구 방배로 52 (방배동)
336,성동구,성수낙낙,서울특별시 성동구 광나루로8길 31 (성수동2가) 성수낙낙 1층 101~107호
337,성동구,옥수,서울특별시 성동구 독서당로 202 (옥수동)
338,성동구,성수,서울특별시 성동구 아차산로 104 (성수동2가)
339,성동구,성수이마트,서울특별시 성동구 뚝섬로 379 (성수동2가) 이마트 성수점
340,성동구,엔터식스,서울특별시 성동구 왕십리광장로 17 (행당동)
341,성동구,한양대,"서울특별시 성동구 왕십리로 225 (행당동) 1,2층"
342,성동구,왕십리역,서울특별시 성동구 왕십리로 326 (도선동)
343,성동구,상왕십리역,서울특별시 성동구 왕십리로 382 (하왕십리동)
344,성동구,성수역,서울특별시 성동구 성수이로 94 (성수동2가)
345,성동구,황학사거리,"서울특별시 성동구 왕십리로 410 (하왕십리동, 센트라스)"
346,성동구,뚝섬역,서울특별시 성동구 아차산로 42 (성수동1가)
347,성동구,금호역,서울특별시 성동구 동호로 99 (금호동4가)
348,성동구,서울숲역,서울특별시 성동구 왕십리로 50 (성수동1가) 1층
349,성북구,장위뉴타운,서울특별시 성북구 장월로38길 4 (장위동)
350,성북구,고대안암병원,서울특별시 성북구 고려대로 73 (안암동5가)
351,성북구,한성대입구역,서울특별시 성북구 성북로 11 (성북동1가)
352,성북구,안암역,서울특별시 성북구 고려대로 102-2 (안암동5가)
353,성북구,성신여대,서울특별시 성북구 동소문로24길 12 (동선동1가)
354,성북구,현대미아,서울특별시 성북구 동소문로 315 (길음동) 지하1층
355,성북구,고대,서울특별시 성북구 고려대로24길 51 (안암동5가)
356,성북구,월곡역,"서울특별시 성북구 화랑로 76, 101-1호 (하월곡동)"
357,성북구,삼선교,서울특별시 성북구 동소문로 10 (동소문동2가)
358,성북구,종암,서울특별시 성북구 종암로 122 (종암동)
359,성북구,성신여대정문,서울특별시 성북구 보문로34길 62 (동선동2가)
360,성북구,미아,서울특별시 성북구 동소문로 314 (하월곡동)
361,성북구,종암DT,서울특별시 성북구 종암로 17 (종암동)
362,성북구,미아이마트,서울특별시 성북구 도봉로 17 (길음동)
363,성북구,길음역,서울특별시 성북구 정릉로 376 (돈암동)
364,송파구,송파마천사거리DT,서울특별시 송파구 거마로 78 (마천동)
365,송파구,송파KT,"서울특별시 송파구 잠실로 209 (신천동), 오피스빌딩 1층 2~4호"
366,송파구,몽촌토성역,서울특별시 송파구 위례성대로 6 (방이동)
367,송파구,송파거여역,서울특별시 송파구 오금로 493 (거여동)
368,송파구,송파NC,서울특별시 송파구 충민로 66 (문정동) 가든파이브라이프 패션관1층
369,송파구,가든파이브,서울특별시 송파구 충민로 10 (문정동) 가든파이브툴
370,송파구,가락시장역,"서울특별시 송파구 중대로 121, 롯데캐슬 파인힐 1층 (가락동)"
371,송파구,석촌역,"서울특별시 송파구 백제고분로 358, 1층 (석촌동)"
372,송파구,가락본동,서울특별시 송파구 송파대로30길 13 (가락동)
373,송파구,올림픽아파트,서울특별시 송파구 양재대로 1220 (방이동)
374,송파구,아시아선수촌,서울특별시 송파구 백제고분로 69 (잠실동)
375,송파구,갤러리아팰리스,"서울특별시 송파구 올림픽로 212, 갤러리아 팰리스 (잠실동)"
376,송파구,잠실역,"서울특별시 송파구 송파대로 562 (신천동, 웰리스타워,삼성웰리스아파트) 1층,2층"
377,송파구,잠실새내역,서울특별시 송파구 올림픽로 96 (잠실동)
378,송파구,잠실푸르지오월드,"서울특별시 송파구 올림픽로35가길 9, 잠실푸르지오월드마크 1층 (신천동)"
379,송파구,석촌호수,서울특별시 송파구 석촌호수로 262 (송파동)
380,송파구,방이역,"서울특별시 송파구 마천로 53, 1~2층 (오금동)"
381,송파구,올림픽공원남문,서울특별시 송파구 위례성대로 102 (방이동)
382,송파구,올림픽훼미리,서울특별시 송파구 중대로 68 (문정동)
383,송파구,문정로데오,서울특별시 송파구 동남로 141 (가락동)
384,송파구,석촌서호,서울특별시 송파구 석촌호수로 176 (삼전동)
385,송파구,송파사거리,서울특별시 송파구 송파대로 386 (송파동)
386,송파구,송파아이파크,서울특별시 송파구 법원로 55 (문정동)
387,송파구,올림픽평화의문,서울특별시 송파구 위례성대로 38 (방이동) 해태그린피아빌라트
388,송파구,송파방이DT,서울특별시 송파구 오금로 241 (방이동)
389,송파구,송파위례,"서울특별시 송파구 위례광장로 230 (장지동, 위례2차아이파크)"
390,송파구,잠실대교남단R,서울특별시 송파구 송파대로 570 타워 730 1층
391,송파구,문정역,"서울특별시 송파구 송파대로 167 (문정동)테라타워 B동 137호~139호,204호"
392,송파구,문정하비오,"서울특별시 송파구 송파대로 111 (문정동, 파크하비오) 204동 104호~107호"
393,송파구,송파개롱역,서울특별시 송파구 오금로 420 (가락동)
394,송파구,문정법원로R,서울특별시 송파구 송파대로 201 (문정동)
395,송파구,잠실시그마타워,서울특별시 송파구 올림픽로 289 (신천동)
396,송파구,송파헬리오시티,"서울특별시 송파구 송파대로 345 (가락동, 헬리오시티)"
397,송파구,송파나루역DT,서울특별시 송파구 오금로 142 (송파동)
398,양천구,신월동DT,서울특별시 양천구 남부순환로 319 (신월동)
399,양천구,목동10단지,"서울특별시 양천구 목동서로 401 (신정동, 대림아크로빌), 상가A동 101,101-1호"
400,양천구,목동트라팰리스,서울특별시 양천구 오목로 299 (목동)
401,양천구,목동파라곤,"서울특별시 양천구 목동서로 155, 목동파라곤 1층 (목동)"
402,양천구,현대목동,"서울특별시 양천구 목동동로 257 (목동, 현대하이페리온) 지하2층"
403,양천구,목동,서울특별시 양천구 목동서로 67 (목동) 우성에펠타운
404,양천구,목동5단지,"서울특별시 양천구 목동동로 411, 1동 116호(목동, 부영그린타운3차)"
405,양천구,목동7단지,서울특별시 양천구 목동서로 213 (목동) 세신비젼프라자
406,양천구,신월IC DT,서울특별시 양천구 남부순환로 430 (신월동)
407,양천구,오목교역,서울특별시 양천구 오목로 354 (목동)
408,양천구,목동8단지,서울특별시 양천구 목동서로 299 (신정동)
409,양천구,목동오목로,"서울특별시 양천구 오목로 279 (목동) 102,103,104,105호"
410,양천구,목동역,서울특별시 양천구 목동로 203 (신정동) 1층일부
411,양천구,신정DT,서울특별시 양천구 신월로 341 (신정동)
412,양천구,목동행복한,서울특별시 양천구 목동동로 309 (목동)
413,양천구,등촌역,서울특별시 양천구 공항대로 566 (목동) 1층 2층
414,양천구,목동파리공원,서울특별시 양천구 목동동로 377 (목동)
415,영등포구,당산역사거리,서울특별시 영등포구 양평로 47 (당산동5가)
416,영등포구,더현대서울(B2)R,서울특별시 영등포구 여의대로 108 (여의도동)
417,영등포구,영등포시장교차로,서울특별시 영등포구 영중로 45 (영등포동6가)
418,영등포구,서울양평역,"서울특별시 영등포구 선유서로24길 6 (양평동1가, 영등포 중흥 S-CLASS)"
419,영등포구,영등포구청역,서울특별시 영등포구 국회대로 558
420,영등포구,영등포시장역,서울특별시 영등포구 영중로 79 (영등포동7가)
421,영등포구,선유도역 1번출구,서울특별시 영등포구 양평로 128 (양평동5가)양평로 128
422,영등포구,여의도신한금융투자타워,서울특별시 영등포구 여의대로 70 (여의도동)
423,영등포구,여의도IFC(1F),서울특별시 영등포구 국제금융로 10 (여의도동)
424,영등포구,여의도의사당,"서울특별시 영등포구 국회대로74길 12, 남중빌딩 1층 (여의도동)"
425,영등포구,타임스퀘어2F,서울특별시 영등포구 영중로 15 지상2층 (영등포동4가)
426,영등포구,영등포본동,서울특별시 영등포구 영등포로 254 (영등포동3가)
427,영등포구,타임스퀘어B2,"서울특별시 영등포구 영중로 15, 지하2층 (영등포동4가)"
428,영등포구,여의도호성,"서울특별시 영등포구 여의대방로65길 24, 호성빌딩 1층 (여의도동)"
429,영등포구,신세계타임스퀘어1F,"서울특별시 영등포구 영중로 9, 신세계백화점 리빙관 1층 (영등포동4가)"
430,영등포구,문래동,"서울특별시 영등포구 선유로 64, 대창타운빌 1층 (문래동3가)"
431,영등포구,롯데캐슬여의도,"서울특별시 영등포구 의사당대로 127 (여의도동, 롯데캐슬엠파이어) 1층 104호"
432,영등포구,여의도,서울특별시 영등포구 국제금융로2길 28 (여의도동)
433,영등포구,하이테크시티,서울특별시 영등포구 경인로 775 (문래동3가) 에이스하이테크시티
434,영등포구,신세계타임스퀘어B2,"서울특별시 영등포구 영중로 9, 신세계타임스퀘어점 리빙관 지하2층 (영등포동4가)"
435,영등포구,여의도일신,서울특별시 영등포구 은행로 11 (여의도동) 1층 1부
436,영등포구,여의도한양증권,서울특별시 영등포구 국제금융로6길 7 (여의도동) 한양증권
437,영등포구,당산,서울특별시 영등포구 양평로 64 (당산동6가)
438,영등포구,문래역,서울특별시 영등포구 당산로 34 (문래동3가)
439,영등포구,영등포신길,"서울특별시 영등포구 신길로 137 (신길동) 1,2층"
440,영등포구,여의도ABL타워,서울특별시 영등포구 의사당대로 147 (여의도동) 알리안츠타워
441,영등포구,동여의도,서울특별시 영등포구 국제금융로 86 (여의도동) 롯데캐슬 아이비
442,영등포구,선유동이레빌딩,서울특별시 영등포구 선유동2로 57 (양평제1동) 이레빌딩
443,영등포구,여의도역R,서울특별시 영등포구 의사당대로 83 (여의도동) 1층
444,영등포구,선유도역,서울특별시 영등포구 양평로 115 (양평동4가)
445,영등포구,국회의사당역,서울특별시 영등포구 의사당대로 8 (여의도동)
446,영등포구,여의도공원R,서울특별시 영등포구 여의공원로 101 (여의도동)
447,영등포구,영등포KT,서울특별시 영등포구 영중로 119 (영등포동8가)
448,영등포구,국회대로,서울특별시 영등포구 국회대로 786 (여의도동)
449,영등포구,여의도화재보험,서울특별시 영등포구 국제금융로6길 38 (여의도동)
450,영등포구,여의도KBS R,서울특별시 영등포구 의사당대로 26 (여의도동)
451,영등포구,여의도IFC몰(L1)R,서울특별시 영등포구 국제금융로 10 (여의도동) 지하1층 178호
452,영등포구,당산대로,서울특별시 영등포구 양평로 22 (당산동6가)
453,영등포구,영등포역,서울특별시 영등포구 경인로 870 (영등포동1가)
454,영등포구,샛강역,서울특별시 영등포구 여의대방로 376 (여의도동)
455,영등포구,타임스퀘어R,서울특별시 영등포구 영중로 15 지하 1층 (영등포동4가)
456,용산구,용산전자랜드,서울특별시 용산구 청파로 74 (한강로3가)
457,용산구,포포인츠서울역,서울특별시 용산구 한강대로 366 (동자동)
458,용산구,용산리첸시아,"서울특별시 용산구 백범로 341 (원효로1가, 리첸시아 용산)"
459,용산구,서울역사,서울특별시 용산구 한강대로 405 (동자동) 신-101호
460,용산구,경리단길,서울특별시 용산구 회나무로 3 (이태원동)
461,용산구,용산해링턴스퀘어,서울특별시 용산구 서빙고로 17 (한강로3가)
462,용산구,숙명여대정문,서울특별시 용산구 청파로47길 100 (청파동2가) 프라임관B1F(로비층)
463,용산구,동부이촌동,서울특별시 용산구 이촌로 198 (이촌동)
464,용산구,용산아이파크몰,서울특별시 용산구 한강대로23길 55
465,용산구,숙대입구역,서울특별시 용산구 한강대로 291 (갈월동)
466,용산구,동빙고,서울특별시 용산구 장문로 12 (동빙고동)
467,용산구,숙대,서울특별시 용산구 청파로47길 57 (청파동3가)
468,용산구,순천향입구,서울특별시 용산구 대사관로 67 (한남동)
469,용산구,서울역동자동,서울특별시 용산구 한강대로 372 (동자동)
470,용산구,서울타워,서울특별시 용산구 남산공원길 105 (용산동2가) YTN서울타워 1층
471,용산구,한남동R,서울특별시 용산구 독서당로 94 (한남동)
472,용산구,남영동,서울특별시 용산구 한강대로 275 (갈월동)
473,용산구,용산파크타워,"서울특별시 용산구 서빙고로 67 (용산동5가, 파크타워)"
474,용산구,신용산역,"서울특별시 용산구 한강대로 95 (한강로2가, 래미안용산)"
475,용산구,이촌,서울특별시 용산구 이촌로 276 (이촌동)
476,용산구,용산역써밋R,"서울특별시 용산구 한강대로 69 (한강로2가, 용산푸르지오써밋)"
477,용산구,한강진역R,서울특별시 용산구 이태원로 252 (한남동)
478,용산구,이태원역,서울특별시 용산구 이태원로 188 (이태원동)
479,용산구,서울역서부,서울특별시 용산구 만리재로 202 (서계동)
480,용산구,효창공원앞역,"서울특별시 용산구 백범로 313 (효창동, 용산 롯데캐슬 센터포레)"
481,은평구,진관DT,서울특별시 은평구 연서로 645 (진관동)
482,은평구,녹번역,"서울특별시 은평구 통일로 636 (녹번동) 110,111,112,113,114,115호"
483,은평구,수색,서울특별시 은평구 수색로 216 (수색동)
484,은평구,구산역,서울특별시 은평구 연서로 146 (대조동)
485,은평구,은평이마트,서울특별시 은평구 은평로 111 (응암동)
486,은평구,은평구청입구,서울특별시 은평구 은평로 170 (응암동)
487,은평구,구파발역,서울특별시 은평구 진관2로 12
488,은평구,연신내,서울특별시 은평구 통일로 867 (갈현동)
489,은평구,연신내역사거리,서울특별시 은평구 통일로 842 (불광동)
490,은평구,구파발사거리,서울특별시 은평구 진관3로 21 은평엘크루 101동 105-108호
491,은평구,불광역,서울특별시 은평구 통일로 715 (대조동)
492,종로구,서대문역,서울특별시 종로구 통일로 134 (평동)
493,종로구,서울대치과병원,서울특별시 종로구 대학로 101 서울대학교 치과병원 신관1층
494,종로구,동숭길입구,서울특별시 종로구 대학로 146 (혜화동)
495,종로구,강북삼성병원1층,서울특별시 종로구 새문안로 29 (평동)
496,종로구,종로플레이스,서울특별시 종로구 창경궁로 120 (인의동)
497,종로구,정동,서울특별시 종로구 새문안로 42 (신문로2가)
498,종로구,광화문교보문고,서울특별시 종로구 종로 1 (종로1가)
499,종로구,종로관수,서울특별시 종로구 삼일대로20길 13 (관수동)
500,종로구,경복궁사거리,"서울특별시 종로구 율곡로 6, B동 101호(중학동, 트윈트리타워)"
501,종로구,대학로,"서울특별시 종로구 대학로 57, 홍익대학교 대학로캠퍼스 內 (연건동)"
502,종로구,종로3가,"서울특별시 종로구 종로 113-1, 1-4층 (종로3가)"
503,종로구,마로니에공원,"서울특별시 종로구 대학로 116, 1-2층 (동숭동)"
504,종로구,이마빌딩,서울특별시 종로구 종로1길 42 (수송동)
505,종로구,경복궁역,"서울특별시 종로구 자하문로4길 6, 1층 (통의동)"
506,종로구,종로관철,"서울특별시 종로구 종로12길 21, 2층 (관철동)"
507,종로구,동숭로아트,서울특별시 종로구 동숭길 110 (동숭동)
508,종로구,종각,서울특별시 종로구 종로 64 (종로2가)
509,종로구,주얼리시티,서울특별시 종로구 종로 183 (인의동) 효성주얼리시티
510,종로구,스페이스본,서울특별시 종로구 사직로8길 4 (사직동) 광화문 풍림스페이스본
511,종로구,성대입구,서울특별시 종로구 창경궁로 235 (명륜3가)
512,종로구,광화문,서울특별시 종로구 세종대로 167 (세종로)
513,종로구,인사,서울특별시 종로구 인사동길 14 (인사동)
514,종로구,적선,"서울특별시 종로구 새문안로5길 55, 노스게이트빌딩 1층 (적선동)"
515,종로구,광화문D타워,서울특별시 종로구 종로3길 17 (청진동) D타워
516,종로구,삼청동,서울특별시 종로구 삼청로 111-1 (삼청동)
517,종로구,안국,서울특별시 종로구 북촌로 5-1 (재동)
518,종로구,새문안로,서울특별시 종로구 새문안로 92 (신문로1가) 광화문오피시아빌딩
519,종로구,종로수송,서울특별시 종로구 종로5길 30 (청진동) 1~3층
520,종로구,북촌로,서울특별시 종로구 북촌로4길 23 (계동)
521,종로구,종로구청,서울특별시 종로구 삼봉로 71 (수송동)
522,종로구,동묘앞역,"서울특별시 종로구 종로 344 (숭인동, 대우디오빌) 101호 일부, 201호 일부"
523,종로구,정부서울청사R,서울특별시 종로구 새문안로5가길 28 (적선동)
524,종로구,독립문역,서울특별시 종로구 송월길 155 경희궁자이 4단지 1층 팰리스애비뉴 4114~4119호
525,종로구,더종로R,서울특별시 종로구 종로 51 (종로2가)
526,종로구,광화문우체국,서울특별시 종로구 종로 6 (서린동)
527,종로구,종로평창동,서울특별시 종로구 평창12길 3 (평창동)
528,종로구,강북삼성병원,서울특별시 종로구 새문안로 29 (평동)
529,종로구,경희궁로,서울특별시 종로구 새문안로3길 15 (당주동)
530,종로구,혜화역,서울특별시 종로구 대학로12길 4 (동숭동)1~2층
531,종로구,연합뉴스,서울특별시 종로구 율곡로2길 25 (수송동)
532,중구,명동남산,서울특별시 중구 퇴계로 132 (남산동3가)
533,중구,포포인츠명동,서울특별시 중구 삼일대로10길 36 (저동2가)
534,중구,별다방,서울특별시 중구 퇴계로 100 (회현동2가)
535,중구,레스케이프호텔R,서울특별시 중구 퇴계로 67 (회현동1가)
536,중구,숭례문SG타워,서울특별시 중구 세종대로 14 (남대문로5가)
537,중구,청계크리스탈스퀘어,서울특별시 중구 청계천로 106 (수표동)
538,중구,무교로,서울특별시 중구 무교로 15 (무교동)
539,중구,명동입구,서울특별시 중구 남대문로 68-1 (명동2가)
540,중구,명동역,"서울특별시 중구 퇴계로 101, 건물 전체 (충무로 1가)"
541,중구,충무로역,"서울특별시 중구 퇴계로 197, 충무빌딩 1층 (필동 2가)"
542,중구,시청,"서울특별시 중구 을지로 19, 삼성화재삼성빌딩 1층 (을지로1가)"
543,중구,KG타워,서울특별시 중구 통일로 92 (순화동) KG타워
544,중구,을지로한국빌딩,"서울특별시 중구 을지로 50, 1층 (을지로 2가)"
545,중구,서소문배재,서울특별시 중구 서소문로 99 (서소문동)
546,중구,소공로,"서울특별시 중구 남대문로7길 19, 삼영빌딩 1층 일부 (소공동)"
547,중구,을지로삼화타워,서울특별시 중구 을지로5길 16 (을지로2가) 1층
548,중구,황학캐슬,서울특별시 중구 청계천로 400 (황학동) 롯데캐슬베네치아
549,중구,남산단암,"서울특별시 중구 소월로 10, 단암빌딩 (남대문로5가)"
550,중구,퍼시픽타워,"서울특별시 중구 세종대로9길 41, 퍼시픽타워 1층 (서소문동)"
551,중구,태평로,"서울특별시 중구 세종대로 72, 대영빌딩 1층 (태평로2가)"
552,중구,문화일보,서울특별시 중구 새문안로 22 (충정로1가) 문화일보
553,중구,무교동,서울특별시 중구 무교로 21 (무교동) 코오롱빌딩 1층
554,중구,환구단,서울특별시 중구 소공로 112 (소공동)
555,중구,대한극장,"서울특별시 중구 퇴계로 212 (필동2가) 1,2층"
556,중구,순화동더샵,"서울특별시 중구 칠패로 27, 1층 (순화동)"
557,중구,숭례문,"서울특별시 중구 세종대로 17, 와이즈타워 1층 (남대문로5가)"
558,중구,명동메트로,서울특별시 중구 명동9가길 14 (을지로1가) 메트로호텔
559,중구,신당역,"서울특별시 중구 퇴계로 385, 1층 (흥인동)"
560,중구,서소문로,서울특별시 중구 서소문로 120 (서소문동) 대한빌딩
561,중구,명동길,서울특별시 중구 명동10길 41
562,중구,중구저동,서울특별시 중구 수표로 34 (저동2가)
563,중구,약수역,서울특별시 중구 다산로 129 (신당동)
564,중구,명동중앙로,서울특별시 중구 명동길 60 (명동 2가)
565,중구,한국프레스센터,서울특별시 중구 세종대로 124 (태평로1가)
566,중구,서울중앙우체국,서울특별시 중구 소공로 70 (충무로 1가) 서울 중앙 우체국
567,중구,신세계본점6F,서울특별시 중구 퇴계로 77 (충무로1가)
568,중구,을지로2가,서울특별시 중구 삼일대로 358 (을지로2가)
569,중구,을지로경기빌딩,서울특별시 중구 남대문로10길 9 (삼각동) 경기빌딩
570,중구,회현역,서울특별시 중구 퇴계로 72 (회현동) 리더스뷰남산
571,중구,연세세브란스,서울특별시 중구 통일로 10 (남대문로5가)
572,중구,신당역사거리,서울특별시 중구 다산로 258 (흥인동)
573,중구,동대입구역,서울특별시 중구 장충단로 166 (장충동1가)
574,중구,을지로국제빌딩,서울특별시 중구 남대문로 109 (다동)
575,중구,동대문공원,서울특별시 중구 장충단로 229 (광희동1가)
576,중구,대우재단빌딩,서울특별시 중구 퇴계로 18 (남대문로5가)
577,중구,을지로내외빌딩R,서울특별시 중구 을지로 51 (을지로2가)
578,중구,신세계본점5F,서울특별시 중구 소공로 63 (충무로1가)
579,중구,동국대,서울특별시 중구 서애로 1길 11
580,중구,국립중앙의료원,서울특별시 중구 을지로 251 (을지로6가)
581,중구,대한상공회의소R,서울특별시 중구 세종대로 39 (남대문로4가) 1층
582,중구,동대문두타,서울특별시 중구 장충단로 275 (을지로6가)
583,중구,을지로4가역,서울특별시 중구 을지로 170 (을지로4가)
584,중구,숭례문북창,서울특별시 중구 세종대로12길 12 (남대문로4가)
585,중랑구,중화역,서울특별시 중랑구 봉화산로 35
586,중랑구,양원역,서울특별시 중랑구 양원역로10길 3 (망우동)
587,중랑구,묵동,"서울특별시 중랑구 동일로 952 (묵동, 로프트원 태릉입구역) 1층"
588,중랑구,상봉역,서울특별시 중랑구 망우로 307 (상봉동)
589,중랑구,사가정역,서울특별시 중랑구 면목로 310
590,중랑구,중랑구청,서울특별시 중랑구 신내로 72
591,중랑구,중랑역,서울특별시 중랑구 망우로30길 3 (상봉동)
592,중랑구,상봉,"서울특별시 중랑구 상봉로 131 (상봉동, 상봉 듀오트리스 주상복합)"
